version,repeat,elapsed_sec,peak_rss_mb,peak_uss_mb,peak_system_memory_used_mb,peak_system_memory_percent,peak_gpu_memory_mb
before,0,1597.9642330219503,7665.234375,7655.81640625,18920.83984375,3.7,17098.0
after,0,1594.24331077002,7510.1796875,7500.75390625,18725.55859375,3.6,17098.0
before,1,1591.924468607176,7677.74609375,7667.95703125,18859.59765625,3.7,17098.0
after,1,1515.4650219001342,7660.265625,7652.1796875,18607.25,3.6,17098.0
before,2,1539.1401805079076,7677.57421875,7650.36328125,18682.1640625,3.6,17098.0
after,2,1506.6437172670849,7678.4140625,7669.41796875,18744.5546875,3.6,17098.0
